{
    "name":"North Adriatic",
    "short":"NADRI",
    "code":"01",

    "minimum_latitude":42.75000101154902,
    "maximum_latitude":45.87500126317812,
    "minimum_longitude":12.104167294929702,
    "maximum_longitude":17.937500783409256,
    "resolution":0.005208333333333333,
    "minimum_depth":0.0,
    "maximum_depth":300.0,
    "minimum_h-factor":0.2
}
